sampleId	popId	age
tsk_0	FIN_GBR_TSI	0
tsk_1	FIN_GBR_TSI	0
tsk_2	FIN_GBR_TSI	0
tsk_3	FIN_GBR_TSI	0
tsk_4	FIN_GBR_TSI	0
tsk_5	FIN_GBR_TSI	0
tsk_6	FIN_GBR_TSI	0
tsk_7	FIN_GBR_TSI	0
tsk_8	FIN_GBR_TSI	0
tsk_9	FIN_GBR_TSI	0
tsk_10	FIN_GBR_TSI	0
tsk_11	FIN_GBR_TSI	0
tsk_12	FIN_GBR_TSI	0
tsk_13	FIN_GBR_TSI	0
tsk_14	FIN_GBR_TSI	0
tsk_15	FIN_GBR_TSI	0
tsk_16	FIN_GBR_TSI	0
tsk_17	FIN_GBR_TSI	0
tsk_18	FIN_GBR_TSI	0
tsk_19	FIN_GBR_TSI	0
tsk_20	FIN_GBR_TSI	0
tsk_21	FIN_GBR_TSI	0
tsk_22	FIN_GBR_TSI	0
tsk_23	FIN_GBR_TSI	0
tsk_24	FIN_GBR_TSI	0
tsk_25	FIN_GBR_TSI	0
tsk_26	FIN_GBR_TSI	0
tsk_27	FIN_GBR_TSI	0
tsk_28	FIN_GBR_TSI	0
tsk_29	FIN_GBR_TSI	0
tsk_30	FIN_GBR_TSI	0
tsk_31	FIN_GBR_TSI	0
tsk_32	FIN_GBR_TSI	0
tsk_33	FIN_GBR_TSI	0
tsk_34	FIN_GBR_TSI	0
tsk_35	FIN_GBR_TSI	0
tsk_36	FIN_GBR_TSI	0
tsk_37	FIN_GBR_TSI	0
tsk_38	FIN_GBR_TSI	0
tsk_39	FIN_GBR_TSI	0
tsk_40	FIN_GBR_TSI	0
tsk_41	FIN_GBR_TSI	0
tsk_42	FIN_GBR_TSI	0
tsk_43	FIN_GBR_TSI	0
tsk_44	FIN_GBR_TSI	0
tsk_45	FIN_GBR_TSI	0
tsk_46	FIN_GBR_TSI	0
tsk_47	FIN_GBR_TSI	0
tsk_48	FIN_GBR_TSI	0
tsk_49	FIN_GBR_TSI	0
tsk_50	FIN_GBR_TSI	0
tsk_51	FIN_GBR_TSI	0
tsk_52	FIN_GBR_TSI	0
tsk_53	FIN_GBR_TSI	0
tsk_54	FIN_GBR_TSI	0
tsk_55	FIN_GBR_TSI	0
tsk_56	FIN_GBR_TSI	0
tsk_57	FIN_GBR_TSI	0
tsk_58	FIN_GBR_TSI	0
tsk_59	FIN_GBR_TSI	0
tsk_60	FIN_GBR_TSI	0
tsk_61	FIN_GBR_TSI	0
tsk_62	FIN_GBR_TSI	0
tsk_63	FIN_GBR_TSI	0
tsk_64	FIN_GBR_TSI	0
tsk_65	FIN_GBR_TSI	0
tsk_66	FIN_GBR_TSI	0
tsk_67	FIN_GBR_TSI	0
tsk_68	FIN_GBR_TSI	0
tsk_69	FIN_GBR_TSI	0
tsk_70	FIN_GBR_TSI	0
tsk_71	FIN_GBR_TSI	0
tsk_72	FIN_GBR_TSI	0
tsk_73	FIN_GBR_TSI	0
tsk_74	FIN_GBR_TSI	0
tsk_75	FIN_GBR_TSI	0
tsk_76	FIN_GBR_TSI	0
tsk_77	FIN_GBR_TSI	0
tsk_78	FIN_GBR_TSI	0
tsk_79	FIN_GBR_TSI	0
tsk_80	FIN_GBR_TSI	0
tsk_81	FIN_GBR_TSI	0
tsk_82	FIN_GBR_TSI	0
tsk_83	FIN_GBR_TSI	0
tsk_84	FIN_GBR_TSI	0
tsk_85	FIN_GBR_TSI	0
tsk_86	FIN_GBR_TSI	0
tsk_87	FIN_GBR_TSI	0
tsk_88	FIN_GBR_TSI	0
tsk_89	FIN_GBR_TSI	0
tsk_90	FIN_GBR_TSI	0
tsk_91	FIN_GBR_TSI	0
tsk_92	FIN_GBR_TSI	0
tsk_93	FIN_GBR_TSI	0
tsk_94	FIN_GBR_TSI	0
tsk_95	FIN_GBR_TSI	0
tsk_96	FIN_GBR_TSI	0
tsk_97	FIN_GBR_TSI	0
tsk_98	FIN_GBR_TSI	0
tsk_99	FIN_GBR_TSI	0
tsk_100	FIN_GBR_TSI	0
tsk_101	FIN_GBR_TSI	0
tsk_102	FIN_GBR_TSI	0
tsk_103	FIN_GBR_TSI	0
tsk_104	FIN_GBR_TSI	0
tsk_105	FIN_GBR_TSI	0
tsk_106	FIN_GBR_TSI	0
tsk_107	FIN_GBR_TSI	0
tsk_108	FIN_GBR_TSI	0
tsk_109	FIN_GBR_TSI	0
tsk_110	FIN_GBR_TSI	0
tsk_111	FIN_GBR_TSI	0
tsk_112	FIN_GBR_TSI	0
tsk_113	FIN_GBR_TSI	0
tsk_114	FIN_GBR_TSI	0
tsk_115	FIN_GBR_TSI	0
tsk_116	FIN_GBR_TSI	0
tsk_117	FIN_GBR_TSI	0
tsk_118	FIN_GBR_TSI	0
tsk_119	FIN_GBR_TSI	0
tsk_120	FIN_GBR_TSI	0
tsk_121	FIN_GBR_TSI	0
tsk_122	FIN_GBR_TSI	0
tsk_123	FIN_GBR_TSI	0
tsk_124	FIN_GBR_TSI	0
tsk_125	FIN_GBR_TSI	0
tsk_126	FIN_GBR_TSI	0
tsk_127	FIN_GBR_TSI	0
tsk_128	FIN_GBR_TSI	0
tsk_129	FIN_GBR_TSI	0
tsk_130	FIN_GBR_TSI	0
tsk_131	FIN_GBR_TSI	0
tsk_132	FIN_GBR_TSI	0
tsk_133	FIN_GBR_TSI	0
tsk_134	FIN_GBR_TSI	0
tsk_135	FIN_GBR_TSI	0
tsk_136	FIN_GBR_TSI	0
tsk_137	FIN_GBR_TSI	0
tsk_138	FIN_GBR_TSI	0
tsk_139	FIN_GBR_TSI	0
tsk_140	FIN_GBR_TSI	0
tsk_141	FIN_GBR_TSI	0
tsk_142	FIN_GBR_TSI	0
tsk_143	FIN_GBR_TSI	0
tsk_144	FIN_GBR_TSI	0
tsk_145	FIN_GBR_TSI	0
tsk_146	FIN_GBR_TSI	0
tsk_147	FIN_GBR_TSI	0
tsk_148	FIN_GBR_TSI	0
tsk_149	FIN_GBR_TSI	0
tsk_150	FIN_GBR_TSI	0
tsk_151	FIN_GBR_TSI	0
tsk_152	FIN_GBR_TSI	0
tsk_153	FIN_GBR_TSI	0
tsk_154	FIN_GBR_TSI	0
tsk_155	FIN_GBR_TSI	0
tsk_156	FIN_GBR_TSI	0
tsk_157	FIN_GBR_TSI	0
tsk_158	FIN_GBR_TSI	0
tsk_159	FIN_GBR_TSI	0
tsk_160	FIN_GBR_TSI	0
tsk_161	FIN_GBR_TSI	0
tsk_162	FIN_GBR_TSI	0
tsk_163	FIN_GBR_TSI	0
tsk_164	FIN_GBR_TSI	0
tsk_165	FIN_GBR_TSI	0
tsk_166	FIN_GBR_TSI	0
tsk_167	FIN_GBR_TSI	0
tsk_168	FIN_GBR_TSI	0
tsk_169	FIN_GBR_TSI	0
tsk_170	FIN_GBR_TSI	0
tsk_171	FIN_GBR_TSI	0
tsk_172	FIN_GBR_TSI	0
tsk_173	FIN_GBR_TSI	0
tsk_174	FIN_GBR_TSI	0
tsk_175	FIN_GBR_TSI	0
tsk_176	FIN_GBR_TSI	0
tsk_177	FIN_GBR_TSI	0
tsk_178	FIN_GBR_TSI	0
tsk_179	FIN_GBR_TSI	0
tsk_180	FIN_GBR_TSI	0
tsk_181	FIN_GBR_TSI	0
tsk_182	FIN_GBR_TSI	0
tsk_183	FIN_GBR_TSI	0
tsk_184	FIN_GBR_TSI	0
tsk_185	FIN_GBR_TSI	0
tsk_186	FIN_GBR_TSI	0
tsk_187	FIN_GBR_TSI	0
tsk_188	FIN_GBR_TSI	0
tsk_189	FIN_GBR_TSI	0
tsk_190	FIN_GBR_TSI	0
tsk_191	FIN_GBR_TSI	0
tsk_192	FIN_GBR_TSI	0
tsk_193	FIN_GBR_TSI	0
tsk_194	FIN_GBR_TSI	0
tsk_195	FIN_GBR_TSI	0
tsk_196	FIN_GBR_TSI	0
tsk_197	FIN_GBR_TSI	0
tsk_198	FIN_GBR_TSI	0
tsk_199	FIN_GBR_TSI	0
tsk_200	FIN_GBR_TSI	0
tsk_201	FIN_GBR_TSI	0
tsk_202	FIN_GBR_TSI	0
tsk_203	FIN_GBR_TSI	0
tsk_204	FIN_GBR_TSI	0
tsk_205	FIN_GBR_TSI	0
tsk_206	FIN_GBR_TSI	0
tsk_207	FIN_GBR_TSI	0
tsk_208	FIN_GBR_TSI	0
tsk_209	FIN_GBR_TSI	0
tsk_210	FIN_GBR_TSI	0
tsk_211	FIN_GBR_TSI	0
tsk_212	FIN_GBR_TSI	0
tsk_213	FIN_GBR_TSI	0
tsk_214	FIN_GBR_TSI	0
tsk_215	FIN_GBR_TSI	0
tsk_216	FIN_GBR_TSI	0
tsk_217	FIN_GBR_TSI	0
tsk_218	FIN_GBR_TSI	0
tsk_219	FIN_GBR_TSI	0
tsk_220	FIN_GBR_TSI	0
tsk_221	FIN_GBR_TSI	0
tsk_222	FIN_GBR_TSI	0
tsk_223	FIN_GBR_TSI	0
tsk_224	FIN_GBR_TSI	0
tsk_225	FIN_GBR_TSI	0
tsk_226	FIN_GBR_TSI	0
tsk_227	FIN_GBR_TSI	0
tsk_228	FIN_GBR_TSI	0
tsk_229	FIN_GBR_TSI	0
tsk_230	FIN_GBR_TSI	0
tsk_231	FIN_GBR_TSI	0
tsk_232	FIN_GBR_TSI	0
tsk_233	FIN_GBR_TSI	0
tsk_234	FIN_GBR_TSI	0
tsk_235	FIN_GBR_TSI	0
tsk_236	FIN_GBR_TSI	0
tsk_237	FIN_GBR_TSI	0
tsk_238	FIN_GBR_TSI	0
tsk_239	FIN_GBR_TSI	0
tsk_240	FIN_GBR_TSI	0
tsk_241	FIN_GBR_TSI	0
tsk_242	FIN_GBR_TSI	0
tsk_243	FIN_GBR_TSI	0
tsk_244	FIN_GBR_TSI	0
tsk_245	FIN_GBR_TSI	0
tsk_246	FIN_GBR_TSI	0
tsk_247	FIN_GBR_TSI	0
tsk_248	FIN_GBR_TSI	0
tsk_249	FIN_GBR_TSI	0
tsk_250	FIN_GBR_TSI	0
tsk_251	FIN_GBR_TSI	0
tsk_252	FIN_GBR_TSI	0
tsk_253	FIN_GBR_TSI	0
tsk_254	FIN_GBR_TSI	0
tsk_255	FIN_GBR_TSI	0
tsk_256	FIN_GBR_TSI	0
tsk_257	FIN_GBR_TSI	0
tsk_258	FIN_GBR_TSI	0
tsk_259	FIN_GBR_TSI	0
tsk_260	FIN_GBR_TSI	0
tsk_261	FIN_GBR_TSI	0
tsk_262	FIN_GBR_TSI	0
tsk_263	FIN_GBR_TSI	0
tsk_264	FIN_GBR_TSI	0
tsk_265	FIN_GBR_TSI	0
tsk_266	FIN_GBR_TSI	0
tsk_267	FIN_GBR_TSI	0
tsk_268	FIN_GBR_TSI	0
tsk_269	FIN_GBR_TSI	0
tsk_270	FIN_GBR_TSI	0
tsk_271	FIN_GBR_TSI	0
tsk_272	FIN_GBR_TSI	0
tsk_273	FIN_GBR_TSI	0
tsk_274	FIN_GBR_TSI	0
tsk_275	FIN_GBR_TSI	0
tsk_276	FIN_GBR_TSI	0
tsk_277	FIN_GBR_TSI	0
tsk_278	FIN_GBR_TSI	0
tsk_279	FIN_GBR_TSI	0
tsk_280	FIN_GBR_TSI	0
tsk_281	FIN_GBR_TSI	0
tsk_282	FIN_GBR_TSI	0
tsk_283	FIN_GBR_TSI	0
tsk_284	FIN_GBR_TSI	0
tsk_285	FIN_GBR_TSI	0
tsk_286	FIN_GBR_TSI	0
tsk_287	FIN_GBR_TSI	0
tsk_288	FIN_GBR_TSI	0
tsk_289	FIN_GBR_TSI	0
tsk_290	FIN_GBR_TSI	0
tsk_291	FIN_GBR_TSI	0
tsk_292	FIN_GBR_TSI	0
tsk_293	FIN_GBR_TSI	0
tsk_294	FIN_GBR_TSI	0
tsk_295	FIN_GBR_TSI	0
tsk_296	FIN_GBR_TSI	0
tsk_297	FIN_GBR_TSI	0
tsk_298	FIN_GBR_TSI	0
tsk_299	FIN_GBR_TSI	0
tsk_300	FIN_GBR_TSI	0
tsk_301	FIN_GBR_TSI	0
tsk_302	FIN_GBR_TSI	0
tsk_303	FIN_GBR_TSI	0
tsk_304	FIN_GBR_TSI	0
tsk_305	FIN_GBR_TSI	0
tsk_306	FIN_GBR_TSI	0
tsk_307	FIN_GBR_TSI	0
tsk_308	FIN_GBR_TSI	0
tsk_309	FIN_GBR_TSI	0
tsk_310	FIN_GBR_TSI	0
tsk_311	FIN_GBR_TSI	0
tsk_312	FIN_GBR_TSI	0
tsk_313	FIN_GBR_TSI	0
tsk_314	FIN_GBR_TSI	0
tsk_315	FIN_GBR_TSI	0
tsk_316	FIN_GBR_TSI	0
tsk_317	FIN_GBR_TSI	0
tsk_318	FIN_GBR_TSI	0
tsk_319	FIN_GBR_TSI	0
tsk_320	FIN_GBR_TSI	0
tsk_321	FIN_GBR_TSI	0
tsk_322	FIN_GBR_TSI	0
tsk_323	FIN_GBR_TSI	0
tsk_324	FIN_GBR_TSI	0
tsk_325	FIN_GBR_TSI	0
tsk_326	FIN_GBR_TSI	0
tsk_327	FIN_GBR_TSI	0
tsk_328	FIN_GBR_TSI	0
tsk_329	FIN_GBR_TSI	0
tsk_330	FIN_GBR_TSI	0
tsk_331	FIN_GBR_TSI	0
tsk_332	FIN_GBR_TSI	0
tsk_333	FIN_GBR_TSI	0
tsk_334	FIN_GBR_TSI	0
tsk_335	FIN_GBR_TSI	0
tsk_336	FIN_GBR_TSI	0
tsk_337	FIN_GBR_TSI	0
tsk_338	FIN_GBR_TSI	0
tsk_339	FIN_GBR_TSI	0
tsk_340	FIN_GBR_TSI	0
tsk_341	FIN_GBR_TSI	0
tsk_342	FIN_GBR_TSI	0
tsk_343	FIN_GBR_TSI	0
tsk_344	FIN_GBR_TSI	0
tsk_345	FIN_GBR_TSI	0
tsk_346	FIN_GBR_TSI	0
tsk_347	FIN_GBR_TSI	0
tsk_348	FIN_GBR_TSI	0
tsk_349	FIN_GBR_TSI	0
tsk_350	FIN_GBR_TSI	0
tsk_351	FIN_GBR_TSI	0
tsk_352	FIN_GBR_TSI	0
tsk_353	FIN_GBR_TSI	0
tsk_354	FIN_GBR_TSI	0
tsk_355	FIN_GBR_TSI	0
tsk_356	FIN_GBR_TSI	0
tsk_357	FIN_GBR_TSI	0
tsk_358	FIN_GBR_TSI	0
tsk_359	FIN_GBR_TSI	0
tsk_360	FIN_GBR_TSI	0
tsk_361	FIN_GBR_TSI	0
tsk_362	FIN_GBR_TSI	0
tsk_363	FIN_GBR_TSI	0
tsk_364	FIN_GBR_TSI	0
tsk_365	FIN_GBR_TSI	0
tsk_366	FIN_GBR_TSI	0
tsk_367	FIN_GBR_TSI	0
tsk_368	FIN_GBR_TSI	0
tsk_369	FIN_GBR_TSI	0
tsk_370	FIN_GBR_TSI	0
tsk_371	FIN_GBR_TSI	0
tsk_372	FIN_GBR_TSI	0
tsk_373	FIN_GBR_TSI	0
tsk_374	FIN_GBR_TSI	0
tsk_375	FIN_GBR_TSI	0
tsk_376	FIN_GBR_TSI	0
tsk_377	FIN_GBR_TSI	0
tsk_378	FIN_GBR_TSI	0
tsk_379	FIN_GBR_TSI	0
tsk_380	FIN_GBR_TSI	0
tsk_381	FIN_GBR_TSI	0
tsk_382	FIN_GBR_TSI	0
tsk_383	FIN_GBR_TSI	0
tsk_384	FIN_GBR_TSI	0
tsk_385	FIN_GBR_TSI	0
tsk_386	FIN_GBR_TSI	0
tsk_387	FIN_GBR_TSI	0
tsk_388	FIN_GBR_TSI	0
tsk_389	FIN_GBR_TSI	0
tsk_390	FIN_GBR_TSI	0
tsk_391	FIN_GBR_TSI	0
tsk_392	FIN_GBR_TSI	0
tsk_393	FIN_GBR_TSI	0
tsk_394	FIN_GBR_TSI	0
tsk_395	FIN_GBR_TSI	0
tsk_396	FIN_GBR_TSI	0
tsk_397	FIN_GBR_TSI	0
tsk_398	FIN_GBR_TSI	0
tsk_399	FIN_GBR_TSI	0
tsk_400	FIN_GBR_TSI	0
tsk_401	FIN_GBR_TSI	0
tsk_402	FIN_GBR_TSI	0
tsk_403	FIN_GBR_TSI	0
tsk_404	FIN_GBR_TSI	0
tsk_405	FIN_GBR_TSI	0
tsk_406	FIN_GBR_TSI	0
tsk_407	FIN_GBR_TSI	0
tsk_408	FIN_GBR_TSI	0
tsk_409	FIN_GBR_TSI	0
tsk_410	FIN_GBR_TSI	0
tsk_411	FIN_GBR_TSI	0
tsk_412	FIN_GBR_TSI	0
tsk_413	FIN_GBR_TSI	0
tsk_414	FIN_GBR_TSI	0
tsk_415	FIN_GBR_TSI	0
tsk_416	FIN_GBR_TSI	0
tsk_417	FIN_GBR_TSI	0
tsk_418	FIN_GBR_TSI	0
tsk_419	FIN_GBR_TSI	0
tsk_420	FIN_GBR_TSI	0
tsk_421	FIN_GBR_TSI	0
tsk_422	FIN_GBR_TSI	0
tsk_423	FIN_GBR_TSI	0
tsk_424	FIN_GBR_TSI	0
tsk_425	FIN_GBR_TSI	0
tsk_426	FIN_GBR_TSI	0
tsk_427	FIN_GBR_TSI	0
tsk_428	FIN_GBR_TSI	0
tsk_429	FIN_GBR_TSI	0
tsk_430	FIN_GBR_TSI	0
tsk_431	FIN_GBR_TSI	0
tsk_432	FIN_GBR_TSI	0
tsk_433	FIN_GBR_TSI	0
tsk_434	FIN_GBR_TSI	0
tsk_435	FIN_GBR_TSI	0
tsk_436	FIN_GBR_TSI	0
tsk_437	FIN_GBR_TSI	0
tsk_438	FIN_GBR_TSI	0
tsk_439	FIN_GBR_TSI	0
tsk_440	FIN_GBR_TSI	0
tsk_441	FIN_GBR_TSI	0
tsk_442	FIN_GBR_TSI	0
tsk_443	FIN_GBR_TSI	0
tsk_444	FIN_GBR_TSI	0
tsk_445	FIN_GBR_TSI	0
tsk_446	FIN_GBR_TSI	0
tsk_447	FIN_GBR_TSI	0
tsk_448	FIN_GBR_TSI	0
tsk_449	FIN_GBR_TSI	0
tsk_450	FIN_GBR_TSI	0
tsk_451	FIN_GBR_TSI	0
tsk_452	FIN_GBR_TSI	0
tsk_453	FIN_GBR_TSI	0
tsk_454	FIN_GBR_TSI	0
tsk_455	FIN_GBR_TSI	0
tsk_456	FIN_GBR_TSI	0
tsk_457	FIN_GBR_TSI	0
tsk_458	FIN_GBR_TSI	0
tsk_459	FIN_GBR_TSI	0
tsk_460	FIN_GBR_TSI	0
tsk_461	FIN_GBR_TSI	0
tsk_462	FIN_GBR_TSI	0
tsk_463	FIN_GBR_TSI	0
tsk_464	FIN_GBR_TSI	0
tsk_465	FIN_GBR_TSI	0
tsk_466	FIN_GBR_TSI	0
tsk_467	FIN_GBR_TSI	0
tsk_468	FIN_GBR_TSI	0
tsk_469	FIN_GBR_TSI	0
tsk_470	FIN_GBR_TSI	0
tsk_471	FIN_GBR_TSI	0
tsk_472	FIN_GBR_TSI	0
tsk_473	FIN_GBR_TSI	0
tsk_474	FIN_GBR_TSI	0
tsk_475	FIN_GBR_TSI	0
tsk_476	FIN_GBR_TSI	0
tsk_477	FIN_GBR_TSI	0
tsk_478	FIN_GBR_TSI	0
tsk_479	FIN_GBR_TSI	0
tsk_480	FIN_GBR_TSI	0
tsk_481	FIN_GBR_TSI	0
tsk_482	FIN_GBR_TSI	0
tsk_483	FIN_GBR_TSI	0
tsk_484	FIN_GBR_TSI	0
tsk_485	FIN_GBR_TSI	0
tsk_486	FIN_GBR_TSI	0
tsk_487	FIN_GBR_TSI	0
tsk_488	FIN_GBR_TSI	0
tsk_489	FIN_GBR_TSI	0
tsk_490	FIN_GBR_TSI	0
tsk_491	FIN_GBR_TSI	0
tsk_492	FIN_GBR_TSI	0
tsk_493	FIN_GBR_TSI	0
tsk_494	FIN_GBR_TSI	0
tsk_495	FIN_GBR_TSI	0
tsk_496	FIN_GBR_TSI	0
tsk_497	FIN_GBR_TSI	0
tsk_498	FIN_GBR_TSI	0
tsk_499	FIN_GBR_TSI	0
tsk_500	FIN_GBR_TSI	0
tsk_501	FIN_GBR_TSI	0
tsk_502	FIN_GBR_TSI	0
tsk_503	FIN_GBR_TSI	0
tsk_504	FIN_GBR_TSI	0
tsk_505	FIN_GBR_TSI	0
tsk_506	FIN_GBR_TSI	0
tsk_507	FIN_GBR_TSI	0
tsk_508	FIN_GBR_TSI	0
tsk_509	FIN_GBR_TSI	0
tsk_510	FIN_GBR_TSI	0
tsk_511	FIN_GBR_TSI	0
tsk_512	FIN_GBR_TSI	0
tsk_513	FIN_GBR_TSI	0
tsk_514	FIN_GBR_TSI	0
tsk_515	FIN_GBR_TSI	0
tsk_516	FIN_GBR_TSI	0
tsk_517	FIN_GBR_TSI	0
tsk_518	FIN_GBR_TSI	0
tsk_519	FIN_GBR_TSI	0
tsk_520	FIN_GBR_TSI	0
tsk_521	FIN_GBR_TSI	0
tsk_522	FIN_GBR_TSI	0
tsk_523	FIN_GBR_TSI	0
tsk_524	FIN_GBR_TSI	0
tsk_525	FIN_GBR_TSI	0
tsk_526	FIN_GBR_TSI	0
tsk_527	FIN_GBR_TSI	0
tsk_528	FIN_GBR_TSI	0
tsk_529	FIN_GBR_TSI	0
tsk_530	FIN_GBR_TSI	0
tsk_531	FIN_GBR_TSI	0
tsk_532	FIN_GBR_TSI	0
tsk_533	FIN_GBR_TSI	0
tsk_534	FIN_GBR_TSI	0
tsk_535	FIN_GBR_TSI	0
tsk_536	FIN_GBR_TSI	0
tsk_537	FIN_GBR_TSI	0
tsk_538	FIN_GBR_TSI	0
tsk_539	FIN_GBR_TSI	0
tsk_540	FIN_GBR_TSI	0
tsk_541	FIN_GBR_TSI	0
tsk_542	FIN_GBR_TSI	0
tsk_543	FIN_GBR_TSI	0
tsk_544	FIN_GBR_TSI	0
tsk_545	FIN_GBR_TSI	0
tsk_546	FIN_GBR_TSI	0
tsk_547	FIN_GBR_TSI	0
tsk_548	FIN_GBR_TSI	0
tsk_549	FIN_GBR_TSI	0
tsk_550	FIN_GBR_TSI	0
tsk_551	FIN_GBR_TSI	0
tsk_552	FIN_GBR_TSI	0
tsk_553	FIN_GBR_TSI	0
tsk_554	FIN_GBR_TSI	0
tsk_555	FIN_GBR_TSI	0
tsk_556	FIN_GBR_TSI	0
tsk_557	FIN_GBR_TSI	0
tsk_558	FIN_GBR_TSI	0
tsk_559	FIN_GBR_TSI	0
tsk_560	FIN_GBR_TSI	0
tsk_561	FIN_GBR_TSI	0
tsk_562	FIN_GBR_TSI	0
tsk_563	FIN_GBR_TSI	0
tsk_564	FIN_GBR_TSI	0
tsk_565	FIN_GBR_TSI	0
tsk_566	FIN_GBR_TSI	0
tsk_567	FIN_GBR_TSI	0
tsk_568	FIN_GBR_TSI	0
tsk_569	FIN_GBR_TSI	0
tsk_570	FIN_GBR_TSI	0
tsk_571	FIN_GBR_TSI	0
tsk_572	FIN_GBR_TSI	0
tsk_573	FIN_GBR_TSI	0
tsk_574	FIN_GBR_TSI	0
tsk_575	FIN_GBR_TSI	0
tsk_576	FIN_GBR_TSI	0
tsk_577	FIN_GBR_TSI	0
tsk_578	FIN_GBR_TSI	0
tsk_579	FIN_GBR_TSI	0
tsk_580	FIN_GBR_TSI	0
tsk_581	FIN_GBR_TSI	0
tsk_582	FIN_GBR_TSI	0
tsk_583	FIN_GBR_TSI	0
tsk_584	FIN_GBR_TSI	0
tsk_585	FIN_GBR_TSI	0
tsk_586	FIN_GBR_TSI	0
tsk_587	FIN_GBR_TSI	0
tsk_588	FIN_GBR_TSI	0
tsk_589	FIN_GBR_TSI	0
tsk_590	FIN_GBR_TSI	0
tsk_591	FIN_GBR_TSI	0
tsk_592	FIN_GBR_TSI	0
tsk_593	FIN_GBR_TSI	0
tsk_594	FIN_GBR_TSI	0
tsk_595	FIN_GBR_TSI	0
tsk_596	FIN_GBR_TSI	0
tsk_597	FIN_GBR_TSI	0
tsk_598	FIN_GBR_TSI	0
tsk_599	FIN_GBR_TSI	0
tsk_600	FIN_GBR_TSI	0
tsk_601	FIN_GBR_TSI	0
tsk_602	FIN_GBR_TSI	0
tsk_603	FIN_GBR_TSI	0
tsk_604	FIN_GBR_TSI	0
tsk_605	FIN_GBR_TSI	0
tsk_606	FIN_GBR_TSI	0
tsk_607	FIN_GBR_TSI	0
tsk_608	FIN_GBR_TSI	0
tsk_609	FIN_GBR_TSI	0
tsk_610	FIN_GBR_TSI	0
tsk_611	FIN_GBR_TSI	0
tsk_612	FIN_GBR_TSI	0
tsk_613	FIN_GBR_TSI	0
tsk_614	FIN_GBR_TSI	0
tsk_615	FIN_GBR_TSI	0
tsk_616	FIN_GBR_TSI	0
tsk_617	FIN_GBR_TSI	0
tsk_618	FIN_GBR_TSI	0
tsk_619	FIN_GBR_TSI	0
tsk_620	FIN_GBR_TSI	0
tsk_621	FIN_GBR_TSI	0
tsk_622	FIN_GBR_TSI	0
tsk_623	FIN_GBR_TSI	0
tsk_624	FIN_GBR_TSI	0
tsk_625	FIN_GBR_TSI	0
tsk_626	FIN_GBR_TSI	0
tsk_627	FIN_GBR_TSI	0
tsk_628	FIN_GBR_TSI	0
tsk_629	FIN_GBR_TSI	0
tsk_630	FIN_GBR_TSI	0
tsk_631	FIN_GBR_TSI	0
tsk_632	FIN_GBR_TSI	0
tsk_633	FIN_GBR_TSI	0
tsk_634	FIN_GBR_TSI	0
tsk_635	FIN_GBR_TSI	0
tsk_636	FIN_GBR_TSI	0
tsk_637	FIN_GBR_TSI	0
tsk_638	FIN_GBR_TSI	0
tsk_639	FIN_GBR_TSI	0
tsk_640	FIN_GBR_TSI	0
tsk_641	FIN_GBR_TSI	0
tsk_642	FIN_GBR_TSI	0
tsk_643	FIN_GBR_TSI	0
tsk_644	FIN_GBR_TSI	0
tsk_645	FIN_GBR_TSI	0
tsk_646	FIN_GBR_TSI	0
tsk_647	FIN_GBR_TSI	0
tsk_648	FIN_GBR_TSI	0
tsk_649	FIN_GBR_TSI	0
tsk_650	FIN_GBR_TSI	0
tsk_651	FIN_GBR_TSI	0
tsk_652	FIN_GBR_TSI	0
tsk_653	FIN_GBR_TSI	0
tsk_654	FIN_GBR_TSI	0
tsk_655	FIN_GBR_TSI	0
tsk_656	FIN_GBR_TSI	0
tsk_657	FIN_GBR_TSI	0
tsk_658	FIN_GBR_TSI	0
tsk_659	FIN_GBR_TSI	0
tsk_660	FIN_GBR_TSI	0
tsk_661	FIN_GBR_TSI	0
tsk_662	FIN_GBR_TSI	0
tsk_663	FIN_GBR_TSI	0
tsk_664	FIN_GBR_TSI	0
tsk_665	FIN_GBR_TSI	0
tsk_666	FIN_GBR_TSI	0
tsk_667	FIN_GBR_TSI	0
tsk_668	FIN_GBR_TSI	0
tsk_669	FIN_GBR_TSI	0
tsk_670	FIN_GBR_TSI	0
tsk_671	FIN_GBR_TSI	0
tsk_672	FIN_GBR_TSI	0
tsk_673	FIN_GBR_TSI	0
tsk_674	FIN_GBR_TSI	0
tsk_675	FIN_GBR_TSI	0
tsk_676	FIN_GBR_TSI	0
tsk_677	FIN_GBR_TSI	0
tsk_678	FIN_GBR_TSI	0
tsk_679	FIN_GBR_TSI	0
tsk_680	FIN_GBR_TSI	0
tsk_681	FIN_GBR_TSI	0
tsk_682	FIN_GBR_TSI	0
tsk_683	FIN_GBR_TSI	0
tsk_684	FIN_GBR_TSI	0
tsk_685	FIN_GBR_TSI	0
tsk_686	FIN_GBR_TSI	0
tsk_687	FIN_GBR_TSI	0
tsk_688	FIN_GBR_TSI	0
tsk_689	FIN_GBR_TSI	0
tsk_690	FIN_GBR_TSI	0
tsk_691	FIN_GBR_TSI	0
tsk_692	FIN_GBR_TSI	0
tsk_693	FIN_GBR_TSI	0
tsk_694	FIN_GBR_TSI	0
tsk_695	FIN_GBR_TSI	0
tsk_696	FIN_GBR_TSI	0
tsk_697	FIN_GBR_TSI	0
tsk_698	FIN_GBR_TSI	0
tsk_699	FIN_GBR_TSI	0
tsk_700	FIN_GBR_TSI	0
tsk_701	FIN_GBR_TSI	0
tsk_702	FIN_GBR_TSI	0
tsk_703	FIN_GBR_TSI	0
tsk_704	FIN_GBR_TSI	0
tsk_705	FIN_GBR_TSI	0
tsk_706	FIN_GBR_TSI	0
tsk_707	FIN_GBR_TSI	0
tsk_708	FIN_GBR_TSI	0
tsk_709	FIN_GBR_TSI	0
tsk_710	FIN_GBR_TSI	0
tsk_711	FIN_GBR_TSI	0
tsk_712	FIN_GBR_TSI	0
tsk_713	FIN_GBR_TSI	0
tsk_714	FIN_GBR_TSI	0
tsk_715	FIN_GBR_TSI	0
tsk_716	FIN_GBR_TSI	0
tsk_717	FIN_GBR_TSI	0
tsk_718	FIN_GBR_TSI	0
tsk_719	FIN_GBR_TSI	0
tsk_720	FIN_GBR_TSI	0
tsk_721	FIN_GBR_TSI	0
tsk_722	FIN_GBR_TSI	0
tsk_723	FIN_GBR_TSI	0
tsk_724	FIN_GBR_TSI	0
tsk_725	FIN_GBR_TSI	0
tsk_726	FIN_GBR_TSI	0
tsk_727	FIN_GBR_TSI	0
tsk_728	FIN_GBR_TSI	0
tsk_729	FIN_GBR_TSI	0
tsk_730	FIN_GBR_TSI	0
tsk_731	FIN_GBR_TSI	0
tsk_732	FIN_GBR_TSI	0
tsk_733	FIN_GBR_TSI	0
tsk_734	FIN_GBR_TSI	0
tsk_735	FIN_GBR_TSI	0
tsk_736	FIN_GBR_TSI	0
tsk_737	FIN_GBR_TSI	0
tsk_738	FIN_GBR_TSI	0
tsk_739	FIN_GBR_TSI	0
tsk_740	FIN_GBR_TSI	0
tsk_741	FIN_GBR_TSI	0
tsk_742	FIN_GBR_TSI	0
tsk_743	FIN_GBR_TSI	0
tsk_744	FIN_GBR_TSI	0
tsk_745	FIN_GBR_TSI	0
tsk_746	FIN_GBR_TSI	0
tsk_747	FIN_GBR_TSI	0
tsk_748	FIN_GBR_TSI	0
tsk_749	FIN_GBR_TSI	0
tsk_750	FIN_GBR_TSI	0
tsk_751	FIN_GBR_TSI	0
tsk_752	FIN_GBR_TSI	0
tsk_753	FIN_GBR_TSI	0
tsk_754	FIN_GBR_TSI	0
tsk_755	FIN_GBR_TSI	0
tsk_756	FIN_GBR_TSI	0
tsk_757	FIN_GBR_TSI	0
tsk_758	FIN_GBR_TSI	0
tsk_759	FIN_GBR_TSI	0
tsk_760	FIN_GBR_TSI	0
tsk_761	FIN_GBR_TSI	0
tsk_762	FIN_GBR_TSI	0
tsk_763	FIN_GBR_TSI	0
tsk_764	FIN_GBR_TSI	0
tsk_765	FIN_GBR_TSI	0
tsk_766	FIN_GBR_TSI	0
tsk_767	FIN_GBR_TSI	0
tsk_768	FIN_GBR_TSI	0
tsk_769	FIN_GBR_TSI	0
tsk_770	FIN_GBR_TSI	0
tsk_771	FIN_GBR_TSI	0
tsk_772	FIN_GBR_TSI	0
tsk_773	FIN_GBR_TSI	0
tsk_774	FIN_GBR_TSI	0
tsk_775	FIN_GBR_TSI	0
tsk_776	FIN_GBR_TSI	0
tsk_777	FIN_GBR_TSI	0
tsk_778	FIN_GBR_TSI	0
tsk_779	FIN_GBR_TSI	0
tsk_780	FIN_GBR_TSI	0
tsk_781	FIN_GBR_TSI	0
tsk_782	FIN_GBR_TSI	0
tsk_783	FIN_GBR_TSI	0
tsk_784	FIN_GBR_TSI	0
tsk_785	FIN_GBR_TSI	0
tsk_786	FIN_GBR_TSI	0
tsk_787	FIN_GBR_TSI	0
tsk_788	FIN_GBR_TSI	0
tsk_789	FIN_GBR_TSI	0
tsk_790	FIN_GBR_TSI	0
tsk_791	FIN_GBR_TSI	0
tsk_792	FIN_GBR_TSI	0
tsk_793	FIN_GBR_TSI	0
tsk_794	FIN_GBR_TSI	0
tsk_795	FIN_GBR_TSI	0
tsk_796	FIN_GBR_TSI	0
tsk_797	FIN_GBR_TSI	0
tsk_798	FIN_GBR_TSI	0
tsk_799	FIN_GBR_TSI	0
tsk_800	FIN_GBR_TSI	0
tsk_801	FIN_GBR_TSI	0
tsk_802	FIN_GBR_TSI	0
tsk_803	FIN_GBR_TSI	0
tsk_804	FIN_GBR_TSI	0
tsk_805	FIN_GBR_TSI	0
tsk_806	FIN_GBR_TSI	0
tsk_807	FIN_GBR_TSI	0
tsk_808	FIN_GBR_TSI	0
tsk_809	FIN_GBR_TSI	0
tsk_810	FIN_GBR_TSI	0
tsk_811	FIN_GBR_TSI	0
tsk_812	FIN_GBR_TSI	0
tsk_813	FIN_GBR_TSI	0
tsk_814	FIN_GBR_TSI	0
tsk_815	FIN_GBR_TSI	0
tsk_816	FIN_GBR_TSI	0
tsk_817	FIN_GBR_TSI	0
tsk_818	FIN_GBR_TSI	0
tsk_819	FIN_GBR_TSI	0
tsk_820	FIN_GBR_TSI	0
tsk_821	FIN_GBR_TSI	0
tsk_822	FIN_GBR_TSI	0
tsk_823	FIN_GBR_TSI	0
tsk_824	FIN_GBR_TSI	0
tsk_825	FIN_GBR_TSI	0
tsk_826	FIN_GBR_TSI	0
tsk_827	FIN_GBR_TSI	0
tsk_828	FIN_GBR_TSI	0
tsk_829	FIN_GBR_TSI	0
tsk_830	FIN_GBR_TSI	0
tsk_831	FIN_GBR_TSI	0
tsk_832	FIN_GBR_TSI	0
tsk_833	FIN_GBR_TSI	0
tsk_834	FIN_GBR_TSI	0
tsk_835	FIN_GBR_TSI	0
tsk_836	FIN_GBR_TSI	0
tsk_837	FIN_GBR_TSI	0
tsk_838	FIN_GBR_TSI	0
tsk_839	FIN_GBR_TSI	0
tsk_840	FIN_GBR_TSI	0
tsk_841	FIN_GBR_TSI	0
tsk_842	FIN_GBR_TSI	0
tsk_843	FIN_GBR_TSI	0
tsk_844	FIN_GBR_TSI	0
tsk_845	FIN_GBR_TSI	0
tsk_846	FIN_GBR_TSI	0
tsk_847	FIN_GBR_TSI	0
tsk_848	FIN_GBR_TSI	0
tsk_849	FIN_GBR_TSI	0
tsk_850	FIN_GBR_TSI	0
tsk_851	FIN_GBR_TSI	0
tsk_852	FIN_GBR_TSI	0
tsk_853	FIN_GBR_TSI	0
tsk_854	FIN_GBR_TSI	0
tsk_855	FIN_GBR_TSI	0
tsk_856	FIN_GBR_TSI	0
tsk_857	FIN_GBR_TSI	0
tsk_858	FIN_GBR_TSI	0
tsk_859	FIN_GBR_TSI	0
tsk_860	FIN_GBR_TSI	0
tsk_861	FIN_GBR_TSI	0
tsk_862	FIN_GBR_TSI	0
tsk_863	FIN_GBR_TSI	0
tsk_864	FIN_GBR_TSI	0
tsk_865	FIN_GBR_TSI	0
tsk_866	FIN_GBR_TSI	0
tsk_867	FIN_GBR_TSI	0
tsk_868	FIN_GBR_TSI	0
tsk_869	FIN_GBR_TSI	0
tsk_870	FIN_GBR_TSI	0
tsk_871	FIN_GBR_TSI	0
tsk_872	FIN_GBR_TSI	0
tsk_873	FIN_GBR_TSI	0
tsk_874	FIN_GBR_TSI	0
tsk_875	FIN_GBR_TSI	0
tsk_876	FIN_GBR_TSI	0
tsk_877	FIN_GBR_TSI	0
tsk_878	FIN_GBR_TSI	0
tsk_879	FIN_GBR_TSI	0
tsk_880	FIN_GBR_TSI	0
tsk_881	FIN_GBR_TSI	0
tsk_882	FIN_GBR_TSI	0
tsk_883	FIN_GBR_TSI	0
tsk_884	FIN_GBR_TSI	0
tsk_885	FIN_GBR_TSI	0
tsk_886	FIN_GBR_TSI	0
tsk_887	FIN_GBR_TSI	0
tsk_888	FIN_GBR_TSI	0
tsk_889	FIN_GBR_TSI	0
tsk_890	FIN_GBR_TSI	0
tsk_891	FIN_GBR_TSI	0
tsk_892	FIN_GBR_TSI	0
tsk_893	FIN_GBR_TSI	0
tsk_894	FIN_GBR_TSI	0
tsk_895	FIN_GBR_TSI	0
tsk_896	FIN_GBR_TSI	0
tsk_897	FIN_GBR_TSI	0
tsk_898	FIN_GBR_TSI	0
tsk_899	FIN_GBR_TSI	0
tsk_900	FIN_GBR_TSI	0
tsk_901	FIN_GBR_TSI	0
tsk_902	FIN_GBR_TSI	0
tsk_903	FIN_GBR_TSI	0
tsk_904	FIN_GBR_TSI	0
tsk_905	FIN_GBR_TSI	0
tsk_906	FIN_GBR_TSI	0
tsk_907	FIN_GBR_TSI	0
tsk_908	FIN_GBR_TSI	0
tsk_909	FIN_GBR_TSI	0
tsk_910	FIN_GBR_TSI	0
tsk_911	FIN_GBR_TSI	0
tsk_912	FIN_GBR_TSI	0
tsk_913	FIN_GBR_TSI	0
tsk_914	FIN_GBR_TSI	0
tsk_915	FIN_GBR_TSI	0
tsk_916	FIN_GBR_TSI	0
tsk_917	FIN_GBR_TSI	0
tsk_918	FIN_GBR_TSI	0
tsk_919	BronzeAge	3780
tsk_920	BronzeAge	3780
tsk_921	BronzeAge	3780
tsk_922	BronzeAge	3780
tsk_923	BronzeAge	3780
tsk_924	BronzeAge	3780
tsk_925	BronzeAge	3780
tsk_926	BronzeAge	3780
tsk_927	BronzeAge	3780
tsk_928	BronzeAge	3780
tsk_929	BronzeAge	3780
tsk_930	BronzeAge	3780
tsk_931	BronzeAge	3780
tsk_932	BronzeAge	3780
tsk_933	BronzeAge	3780
tsk_934	BronzeAge	3780
tsk_935	BronzeAge	3780
tsk_936	BronzeAge	3780
tsk_937	BronzeAge	3780
tsk_938	BronzeAge	3780
tsk_939	BronzeAge	3780
tsk_940	BronzeAge	3780
tsk_941	BronzeAge	3780
tsk_942	BronzeAge	3780
tsk_943	BronzeAge	3780
tsk_944	BronzeAge	3780
tsk_945	BronzeAge	3780
tsk_946	BronzeAge	3780
tsk_947	BronzeAge	3780
tsk_948	BronzeAge	3780
tsk_949	BronzeAge	3780
tsk_950	BronzeAge	3780
tsk_951	BronzeAge	3780
tsk_952	BronzeAge	3780
tsk_953	BronzeAge	3780
tsk_954	BronzeAge	3780
tsk_955	BronzeAge	3780
tsk_956	BronzeAge	3780
tsk_957	BronzeAge	3780
tsk_958	BronzeAge	3780
tsk_959	BronzeAge	3780
tsk_960	BronzeAge	3780
tsk_961	BronzeAge	3780
tsk_962	BronzeAge	3780
tsk_963	BronzeAge	3780
tsk_964	BronzeAge	3780
tsk_965	BronzeAge	3780
tsk_966	BronzeAge	3780
tsk_967	BronzeAge	3780
tsk_968	BronzeAge	3780
tsk_969	BronzeAge	3780
tsk_970	BronzeAge	3780
tsk_971	BronzeAge	3780
tsk_972	BronzeAge	3780
tsk_973	BronzeAge	3780
tsk_974	BronzeAge	3780
tsk_975	BronzeAge	3780
tsk_976	BronzeAge	3780
tsk_977	BronzeAge	3780
tsk_978	BronzeAge	3780
tsk_979	BronzeAge	3780
tsk_980	BronzeAge	3780
tsk_981	BronzeAge	3780
tsk_982	BronzeAge	3780
tsk_983	BronzeAge	3780
tsk_984	BronzeAge	3780
tsk_985	BronzeAge	3780
tsk_986	BronzeAge	3780
tsk_987	BronzeAge	3780
tsk_988	BronzeAge	3780
tsk_989	BronzeAge	3780
tsk_990	BronzeAge	3780
tsk_991	BronzeAge	3780
tsk_992	BronzeAge	3780
tsk_993	BronzeAge	3780
tsk_994	BronzeAge	3780
tsk_995	BronzeAge	3780
tsk_996	BronzeAge	3780
tsk_997	BronzeAge	3780
tsk_998	BronzeAge	3780
tsk_999	BronzeAge	3780
tsk_1000	BronzeAge	3780
tsk_1001	BronzeAge	3780
tsk_1002	BronzeAge	3780
tsk_1003	BronzeAge	3780
tsk_1004	BronzeAge	3780
tsk_1005	BronzeAge	3780
tsk_1006	BronzeAge	3780
tsk_1007	BronzeAge	3780
tsk_1008	BronzeAge	3780
tsk_1009	BronzeAge	3780
tsk_1010	BronzeAge	3780
tsk_1011	BronzeAge	3780
tsk_1012	BronzeAge	3780
tsk_1013	BronzeAge	3780
tsk_1014	BronzeAge	3780
tsk_1015	BronzeAge	3780
tsk_1016	BronzeAge	3780
tsk_1017	BronzeAge	3780
tsk_1018	BronzeAge	3780
tsk_1019	BronzeAge	3780
tsk_1020	BronzeAge	3780
tsk_1021	BronzeAge	3780
tsk_1022	BronzeAge	3780
tsk_1023	BronzeAge	3780
tsk_1024	BronzeAge	3780
tsk_1025	BronzeAge	3780
tsk_1026	BronzeAge	3780
tsk_1027	BronzeAge	3780
tsk_1028	BronzeAge	3780
tsk_1029	BronzeAge	3780
tsk_1030	BronzeAge	3780
tsk_1031	BronzeAge	3780
tsk_1032	BronzeAge	3780
tsk_1033	BronzeAge	3780
tsk_1034	BronzeAge	3780
tsk_1035	BronzeAge	3780
tsk_1036	BronzeAge	3780
tsk_1037	BronzeAge	3780
tsk_1038	BronzeAge	3780
tsk_1039	BronzeAge	3780
tsk_1040	BronzeAge	3780
tsk_1041	BronzeAge	3780
tsk_1042	BronzeAge	3780
tsk_1043	BronzeAge	3780
tsk_1044	BronzeAge	3780
tsk_1045	BronzeAge	3780
tsk_1046	BronzeAge	3780
tsk_1047	BronzeAge	3780
tsk_1048	BronzeAge	3780
tsk_1049	BronzeAge	3780
tsk_1050	BronzeAge	3780
tsk_1051	BronzeAge	3780
tsk_1052	BronzeAge	3780
tsk_1053	BronzeAge	3780
tsk_1054	BronzeAge	3780
tsk_1055	BronzeAge	3780
tsk_1056	BronzeAge	3780
tsk_1057	BronzeAge	3780
tsk_1058	BronzeAge	3780
tsk_1059	BronzeAge	3780
tsk_1060	BronzeAge	3780
tsk_1061	BronzeAge	3780
tsk_1062	BronzeAge	3780
tsk_1063	BronzeAge	3780
tsk_1064	BronzeAge	3780
tsk_1065	BronzeAge	3780
tsk_1066	BronzeAge	3780
tsk_1067	BronzeAge	3780
tsk_1068	BronzeAge	3780
tsk_1069	BronzeAge	3780
tsk_1070	BronzeAge	3780
tsk_1071	BronzeAge	3780
tsk_1072	BronzeAge	3780
tsk_1073	BronzeAge	3780
tsk_1074	BronzeAge	3780
tsk_1075	BronzeAge	3780
tsk_1076	BronzeAge	3780
tsk_1077	BronzeAge	3780
tsk_1078	BronzeAge	3780
tsk_1079	BronzeAge	3780
tsk_1080	BronzeAge	3780
tsk_1081	BronzeAge	3780
tsk_1082	BronzeAge	3780
tsk_1083	BronzeAge	3780
tsk_1084	BronzeAge	3780
tsk_1085	BronzeAge	3780
tsk_1086	BronzeAge	3780
tsk_1087	BronzeAge	3780
tsk_1088	BronzeAge	3780
tsk_1089	BronzeAge	3780
tsk_1090	BronzeAge	3780
tsk_1091	BronzeAge	3780
tsk_1092	BronzeAge	3780
tsk_1093	BronzeAge	3780
tsk_1094	BronzeAge	3780
tsk_1095	BronzeAge	3780
tsk_1096	BronzeAge	3780
tsk_1097	BronzeAge	3780
tsk_1098	BronzeAge	3780
tsk_1099	BronzeAge	3780
tsk_1100	BronzeAge	3780
tsk_1101	BronzeAge	3780
tsk_1102	BronzeAge	3780
tsk_1103	BronzeAge	3780
tsk_1104	BronzeAge	3780
tsk_1105	BronzeAge	3780
tsk_1106	BronzeAge	3780
tsk_1107	BronzeAge	3780
tsk_1108	BronzeAge	3780
tsk_1109	BronzeAge	3780
tsk_1110	BronzeAge	3780
tsk_1111	BronzeAge	3780
tsk_1112	BronzeAge	3780
tsk_1113	BronzeAge	3780
tsk_1114	BronzeAge	3780
tsk_1115	BronzeAge	3780
tsk_1116	BronzeAge	3780
tsk_1117	BronzeAge	3780
tsk_1118	BronzeAge	3780
tsk_1119	BronzeAge	3780
tsk_1120	BronzeAge	3780
tsk_1121	BronzeAge	3780
tsk_1122	BronzeAge	3780
tsk_1123	BronzeAge	3780
tsk_1124	BronzeAge	3780
tsk_1125	BronzeAge	3780
tsk_1126	BronzeAge	3780
tsk_1127	BronzeAge	3780
tsk_1128	BronzeAge	3780
tsk_1129	BronzeAge	3780
tsk_1130	BronzeAge	3780
tsk_1131	BronzeAge	3780
tsk_1132	BronzeAge	3780
tsk_1133	BronzeAge	3780
tsk_1134	BronzeAge	3780
tsk_1135	BronzeAge	3780
tsk_1136	BronzeAge	3780
tsk_1137	BronzeAge	3780
tsk_1138	BronzeAge	3780
tsk_1139	BronzeAge	3780
tsk_1140	BronzeAge	3780
tsk_1141	BronzeAge	3780
tsk_1142	BronzeAge	3780
tsk_1143	BronzeAge	3780
tsk_1144	BronzeAge	3780
tsk_1145	BronzeAge	3780
tsk_1146	BronzeAge	3780
tsk_1147	BronzeAge	3780
tsk_1148	BronzeAge	3780
tsk_1149	BronzeAge	3780
tsk_1150	BronzeAge	3780
tsk_1151	BronzeAge	3780
tsk_1152	BronzeAge	3780
tsk_1153	BronzeAge	3780
tsk_1154	BronzeAge	3780
tsk_1155	BronzeAge	3780
tsk_1156	BronzeAge	3780
tsk_1157	Neo	5040
tsk_1158	Neo	5040
tsk_1159	Neo	5040
tsk_1160	Neo	5040
tsk_1161	Neo	5040
tsk_1162	Neo	5040
tsk_1163	Neo	5040
tsk_1164	Neo	5040
tsk_1165	Neo	5040
tsk_1166	Neo	5040
tsk_1167	Neo	5040
tsk_1168	Neo	5040
tsk_1169	Neo	5040
tsk_1170	Neo	5040
tsk_1171	Neo	5040
tsk_1172	Neo	5040
tsk_1173	Neo	5040
tsk_1174	Neo	5040
tsk_1175	Neo	5040
tsk_1176	Neo	5040
tsk_1177	Neo	5040
tsk_1178	Neo	5040
tsk_1179	Neo	5040
tsk_1180	Neo	5040
tsk_1181	Neo	5040
tsk_1182	Neo	5040
tsk_1183	Neo	5040
tsk_1184	Neo	5040
tsk_1185	Neo	5040
tsk_1186	Neo	5040
tsk_1187	Neo	5040
tsk_1188	Neo	5040
tsk_1189	Neo	5040
tsk_1190	Neo	5040
tsk_1191	Neo	5040
tsk_1192	Neo	5040
tsk_1193	Neo	5040
tsk_1194	Neo	5040
tsk_1195	Neo	5040
tsk_1196	Neo	5040
tsk_1197	Neo	5040
tsk_1198	Neo	5040
tsk_1199	Neo	5040
tsk_1200	Neo	5040
tsk_1201	Neo	5040
tsk_1202	Neo	5040
tsk_1203	Neo	5040
tsk_1204	Neo	5040
tsk_1205	Neo	5040
tsk_1206	Neo	5040
tsk_1207	Neo	5040
tsk_1208	Neo	5040
tsk_1209	Neo	5040
tsk_1210	Neo	5040
tsk_1211	Neo	5040
tsk_1212	Neo	5040
tsk_1213	Neo	5040
tsk_1214	Neo	5040
tsk_1215	Neo	5040
tsk_1216	Neo	5040
tsk_1217	Neo	5040
tsk_1218	Neo	5040
tsk_1219	Neo	5040
tsk_1220	Neo	5040
tsk_1221	Neo	5040
tsk_1222	Neo	5040
tsk_1223	Neo	5040
tsk_1224	Neo	5040
tsk_1225	Neo	5040
tsk_1226	Neo	5040
tsk_1227	Neo	5040
tsk_1228	Neo	5040
tsk_1229	Neo	5040
tsk_1230	Neo	5040
tsk_1231	Neo	5040
tsk_1232	Neo	5040
tsk_1233	Neo	5040
tsk_1234	Neo	5040
tsk_1235	Neo	5040
tsk_1236	Neo	5040
tsk_1237	Neo	5040
tsk_1238	Neo	5040
tsk_1239	Neo	5040
tsk_1240	Neo	5040
tsk_1241	Neo	5040
tsk_1242	Neo	5040
tsk_1243	Neo	5040
tsk_1244	Neo	5040
tsk_1245	Neo	5040
tsk_1246	Neo	5040
tsk_1247	Neo	5040
tsk_1248	Neo	5040
tsk_1249	Neo	5040
tsk_1250	Neo	5040
tsk_1251	Neo	5040
tsk_1252	Neo	5040
tsk_1253	Neo	5040
tsk_1254	Neo	5040
tsk_1255	Neo	5040
tsk_1256	Neo	5040
tsk_1257	Neo	5040
tsk_1258	Neo	5040
tsk_1259	Neo	5040
tsk_1260	Neo	5040
tsk_1261	Neo	5040
tsk_1262	Neo	5040
tsk_1263	Neo	5040
tsk_1264	Neo	5040
tsk_1265	Neo	5040
tsk_1266	Neo	5040
tsk_1267	Neo	5040
tsk_1268	Neo	5040
tsk_1269	Neo	5040
tsk_1270	Neo	5040
tsk_1271	Neo	5040
tsk_1272	Neo	5040
tsk_1273	Neo	5040
tsk_1274	Neo	5040
tsk_1275	Neo	5040
tsk_1276	Neo	5040
tsk_1277	Neo	5040
tsk_1278	Neo	5040
tsk_1279	Neo	5040
tsk_1280	Neo	5040
tsk_1281	Neo	5040
tsk_1282	Neo	5040
tsk_1283	Neo	5040
tsk_1284	Neo	5040
tsk_1285	Neo	5040
tsk_1286	Neo	5040
tsk_1287	Neo	5040
tsk_1288	Neo	5040
tsk_1289	Neo	5040
tsk_1290	Neo	5040
tsk_1291	Neo	5040
tsk_1292	Neo	5040
tsk_1293	Neo	5040
tsk_1294	Neo	5040
tsk_1295	Neo	5040
tsk_1296	Neo	5040
tsk_1297	Neo	5040
tsk_1298	Neo	5040
tsk_1299	Neo	5040
tsk_1300	Neo	5040
tsk_1301	Neo	5040
tsk_1302	Neo	5040
tsk_1303	Neo	5040
tsk_1304	Neo	5040
tsk_1305	Neo	5040
tsk_1306	Neo	5040
tsk_1307	Neo	5040
tsk_1308	Neo	5040
tsk_1309	Neo	5040
tsk_1310	Neo	5040
tsk_1311	Neo	5040
tsk_1312	Neo	5040
tsk_1313	Neo	5040
tsk_1314	Neo	5040
tsk_1315	Neo	5040
tsk_1316	Neo	5040
tsk_1317	Neo	5040
tsk_1318	Neo	5040
tsk_1319	Neo	5040
tsk_1320	Neo	5040
tsk_1321	Neo	5040
tsk_1322	Neo	5040
tsk_1323	Neo	5040
tsk_1324	Neo	5040
tsk_1325	Neo	5040
tsk_1326	Neo	5040
tsk_1327	Neo	5040
tsk_1328	Neo	5040
tsk_1329	Neo	5040
tsk_1330	Neo	5040
tsk_1331	Yam	4480
tsk_1332	Yam	4480
tsk_1333	Yam	4480
tsk_1334	Yam	4480
tsk_1335	Yam	4480
tsk_1336	Yam	4480
tsk_1337	Yam	4480
tsk_1338	Yam	4480
tsk_1339	Yam	4480
tsk_1340	Yam	4480
tsk_1341	Yam	4480
tsk_1342	Yam	4480
tsk_1343	Yam	4480
tsk_1344	WHG	7000
tsk_1345	WHG	7000
tsk_1346	WHG	7000
tsk_1347	WHG	7000
tsk_1348	WHG	7000
tsk_1349	WHG	7000
tsk_1350	WHG	7000
tsk_1351	WHG	7000
tsk_1352	WHG	7000
tsk_1353	WHG	7000
tsk_1354	WHG	7000
tsk_1355	WHG	7000
tsk_1356	WHG	7000
tsk_1357	WHG	7000
tsk_1358	WHG	7000
tsk_1359	WHG	7000
tsk_1360	WHG	7000
tsk_1361	WHG	7000
tsk_1362	WHG	7000
tsk_1363	WHG	7000
tsk_1364	WHG	7000
tsk_1365	WHG	7000
tsk_1366	WHG	7000
tsk_1367	WHG	7000
tsk_1368	WHG	7000
tsk_1369	WHG	7000
tsk_1370	WHG	7000
tsk_1371	WHG	7000
tsk_1372	WHG	7000
tsk_1373	WHG	7000
tsk_1374	WHG	7000
tsk_1375	WHG	7000
tsk_1376	WHG	7000
tsk_1377	WHG	7000
tsk_1378	WHG	7000
tsk_1379	WHG	7000
tsk_1380	WHG	7000
tsk_1381	WHG	7000
tsk_1382	WHG	7000
tsk_1383	WHG	7000
tsk_1384	WHG	7000
tsk_1385	WHG	7000
tsk_1386	WHG	7000
tsk_1387	WHG	7000
tsk_1388	WHG	7000
tsk_1389	WHG	7000
tsk_1390	WHG	7000
tsk_1391	WHG	7000
tsk_1392	WHG	7000
tsk_1393	WHG	7000
tsk_1394	WHG	7000
tsk_1395	WHG	7000
tsk_1396	WHG	7000
tsk_1397	WHG	7000
tsk_1398	WHG	7000
tsk_1399	WHG	7000
tsk_1400	WHG	7000
tsk_1401	WHG	7000
tsk_1402	WHG	7000
tsk_1403	WHG	7000
tsk_1404	WHG	7000
tsk_1405	WHG	7000
tsk_1406	WHG	7000
tsk_1407	WHG	7000
tsk_1408	WHG	7000
tsk_1409	WHG	7000
tsk_1410	WHG	7000
tsk_1411	WHG	7000
tsk_1412	WHG	7000
tsk_1413	WHG	7000
tsk_1414	WHG	7000
tsk_1415	WHG	7000
tsk_1416	WHG	7000
tsk_1417	EHG	7000
tsk_1418	EHG	7000
tsk_1419	EHG	7000
tsk_1420	EHG	7000
tsk_1421	EHG	7000
tsk_1422	EHG	7000
tsk_1423	EHG	7000
tsk_1424	EHG	7000
tsk_1425	EHG	7000
tsk_1426	EHG	7000
tsk_1427	EHG	7000
tsk_1428	EHG	7000
tsk_1429	EHG	7000
tsk_1430	EHG	7000
tsk_1431	EHG	7000
tsk_1432	EHG	7000
tsk_1433	EHG	7000
tsk_1434	EHG	7000
tsk_1435	EHG	7000
tsk_1436	EHG	7000
tsk_1437	EHG	7000
tsk_1438	EHG	7000
tsk_1439	EHG	7000
tsk_1440	EHG	7000
tsk_1441	EHG	7000
tsk_1442	EHG	7000
tsk_1443	EHG	7000
tsk_1444	EHG	7000
tsk_1445	EHG	7000
tsk_1446	EHG	7000
tsk_1447	EHG	7000
tsk_1448	EHG	7000
tsk_1449	EHG	7000
tsk_1450	EHG	7000
tsk_1451	EHG	7000
tsk_1452	EHG	7000
tsk_1453	EHG	7000
tsk_1454	EHG	7000
tsk_1455	EHG	7000
tsk_1456	EHG	7000
tsk_1457	EHG	7000
tsk_1458	EHG	7000
tsk_1459	EHG	7000
tsk_1460	EHG	7000
tsk_1461	EHG	7000
tsk_1462	EHG	7000
tsk_1463	EHG	7000
tsk_1464	EHG	7000
tsk_1465	EHG	7000
tsk_1466	EHG	7000
tsk_1467	EHG	7000
tsk_1468	EHG	7000
tsk_1469	EHG	7000
tsk_1470	EHG	7000
tsk_1471	EHG	7000
tsk_1472	EHG	7000
tsk_1473	EHG	7000
tsk_1474	EHG	7000
tsk_1475	EHG	7000
tsk_1476	EHG	7000
tsk_1477	EHG	7000
tsk_1478	EHG	7000
tsk_1479	Ana	7280
tsk_1480	Ana	7280
tsk_1481	Ana	7280
tsk_1482	Ana	7280
tsk_1483	Ana	7280
tsk_1484	Ana	7280
tsk_1485	Ana	7280
tsk_1486	Ana	7280
tsk_1487	Ana	7280
tsk_1488	Ana	7280
tsk_1489	Ana	7280
tsk_1490	Ana	7280
tsk_1491	Ana	7280
tsk_1492	Ana	7280
tsk_1493	Ana	7280
tsk_1494	Ana	7280
tsk_1495	Ana	7280
tsk_1496	Ana	7280
tsk_1497	Ana	7280
tsk_1498	Ana	7280
tsk_1499	Ana	7280
tsk_1500	Ana	7280
tsk_1501	Ana	7280
tsk_1502	Ana	7280
tsk_1503	Ana	7280
tsk_1504	CHG	8400
tsk_1505	CHG	8400
tsk_1506	CHG	8400
tsk_1507	CHG	8400
tsk_1508	CHG	8400
tsk_1509	CHG	8400
tsk_1510	CHG	8400
tsk_1511	CHG	8400
tsk_1512	CHG	8400
tsk_1513	CHG	8400
tsk_1514	CHG	8400
tsk_1515	CHG	8400
tsk_1516	CHG	8400
tsk_1517	CHG	8400